Date,Line_Number,Shift,Product_ID,Product_Name,Production_Volume
2025-01-20,Line 1,DS,10007,Product_7,3019.0
2025-11-24,Line 1,NS,10009,Product_9,3969.0
2025-08-13,Line 2,DS,10018,Product_18,1689.0
21/03/2025,Line 2,DS,10019,Product_19,3508.0
2025-02-13,Line 4,DS,10011,Product_11,1156.0
2025-08-22,Line 4,AS,10020,Product_20,4146.0
2026-02-08,Line 3,AS,10009,Product_9,1976.0
2025-04-18,Line 1,DS,10014,Product_14,4905.0
2026-01-10,Line 2,DS,10008,Product_8,3020.0
2025-11-16,Line 3,DS,10008,Product_8,1814.0
2025-08-29,Line 4,NS,10004,Product_4,2673.0
28/08/2025,Line 1,AS,10010,Product_10,2758.0
2025-04-28,Line 3,NS,10019,Product_19,
25/03/2025,Line 2,NS,10009,Product_9,3029.0
2025-02-25,Line 3,NS,10011,Product_11,2293.0
2025-03-15,Line 1,NS,10001,Product_1,3417.0
2025-02-25,Line 2,NS,10002,Product_2,4266.0
2025-08-18,Line 2,NS,10009,Product_9,1498.0
2025-11-23,Line 3,DS,10013,Product_13,1685.0
2025-12-31,Line 4,DS,10017,Product_17,3650.0
2025-01-04,Line 4,AS,10020,Product_20,4776.0
2025-07-26,Line 1,NS,10020,Product_20,1972.0
2025-12-26,Line 4,DS,10008,Product_8,1325.0
2025-01-16,Line 2,DS,10008,Product_8,4679.0
2025-11-04,Line 4,DS,10013,Product_13,4336.0
2026-02-08,Line 3,NS,10014,Product_14,2073.0
2025-07-22,Line 4,DS,10003,Product_3,1277.0
2025-09-03,Line 2,NS,10002,Product_2,4659.0
2025-07-14,Line 4,NS,10006,Product_6,2393.0
17/03/2025,Line 2,NS,10019,Product_19,3352.0
2025-01-24,Line 4,AS,10004,Product_4,3545.0
2025-04-08,Line 4,DS,10019,Product_19,2592.0
2025-06-27,Line 3,NS,10017,Product_17,2170.0
2025-06-26,Line 4,AS,10010,Product_10,3574.0
2025-04-12,Line 1,NS,10013,Product_13,1654.0
2025-09-13,Line 3,AS,10008,Product_8,2529.0
2025-12-08,Line 4,NS,10006,Product_6,4292.0
2025-12-18,Line 1,AS,10016,Product_16,4214.0
2025-10-03,Line 3,AS,10004,Product_4,2213.0
2026-02-20,Line 3,AS,10016,Product_16,3647.0
04/08/2025,Line 2,DS,10009,Product_9,3146.0
2025-06-19,Line 1,AS,10006,Product_6,3553.0
2025-08-16,Line 1,DS,10014,Product_14,3381.0
2025-08-14,Line 4,AS,10011,Product_11,2534.0
2025-04-09,Line 1,AS,10002,Product_2,
2025-10-31,Line 4,AS,10001,Product_1,2328.0
2025-09-10,Line 3,DS,10012,Product_12,4997.0
2025-02-07,Line 3,NS,10017,Product_17,2157.0
2025-08-18,Line 4,NS,10003,Product_3,1818.0
2026-03-30,Line 3,NS,10007,Product_7,2363.0
2025-11-08,Line 2,AS,10011,Product_11,1970.0
2026-02-08,Line 1,DS,10014,Product_14,1229.0
2026-03-11,L3,NS,10020,Product_20,3450.0
2025-12-13,Line 3,DS,10006,Product_6,1213.0
2025-05-12,Line 3,AS,10007,Product_7,1150.0
20/12/2025,Line 2,NS,10017,Product_17,4151.0
2026-03-06,Line 1,NS,10019,Product_19,2042.0
2025-10-08,Line 3,DS,10008,Product_8,3738.0
2026-01-31,Line 1,AS,10004,Product_4,4221.0
2026-02-08,Line 4,NS,10018,Product_18,2782.0
2025-09-03,Line 1,AS,10013,Product_13,3264.0
2025-12-28,Line 4,NS,10003,Product_3,1029.0
2025-12-08,Line 3,AS,10013,Product_13,2886.0
01/08/2025,Line 2,NS,10004,Product_4,2062.0
2025-10-30,Line 1,NS,10010,Product_10,2253.0
2025-04-01,Line 3,DS,10009,Product_9,
2026-03-18,Line 1,AS,10015,Product_15,1728.0
2025-11-30,Line 2,NS,10012,Product_12,
2025-05-12,Line 1,DS,10010,Product_10,2410.0
2025-08-08,L3,NS,10007,Product_7,1126.0
2025-02-22,Line 3,NS,10016,Product_16,1929.0
2025-07-28,Line 4,AS,10014,Product_14,4112.0
2025-05-08,Line 1,NS,10018,Product_18,4045.0
2025-01-21,Line 1,NS,10009,Product_9,3208.0
2025-08-07,Line 4,DS,10002,Product_2,1414.0
2025-04-09,Line 4,DS,10020,Product_20,3108.0
2025-10-10,Line 4,DS,10015,Product_15,3070.0
2026-01-05,Line 3,AS,10017,Product_17,4492.0
2025-03-25,Line 3,AS,10011,Product_11,2792.0
2025-12-14,Line 4,DS,10018,Product_18,2877.0
2025-04-17,Line 1,AS,10003,Product_3,2308.0
2026-01-21,Line 3,DS,10003,Product_3,2596.0
2025-07-24,Line 2,DS,10006,Product_6,3483.0
2025-11-07,L2,NS,10004,Product_4,1112.0
2025-11-07,Line 4,AS,10008,Product_8,3572.0
2025-05-04,Line 4,DS,10007,Product_7,2379.0
2025-06-18,Line 4,AS,10013,Product_13,3118.0
2025-07-15,Line 2,NS,10017,Product_17,1213.0
2025-03-11,Line 1,DS,10015,Product_15,57611.0
2025-07-22,Line 2,AS,10009,Product_9,3980.0
2025-05-08,Line 3,NS,10006,Product_6,3182.0
2025-08-26,L4,DS,10020,Product_20,4522.0
2025-05-21,Line 2,AS,10005,Product_5,1883.0
2025-09-30,Line 2,AS,10004,Product_4,4276.0
2025-11-18,Line 1,AS,10016,Product_16,
2025-05-16,Line 2,AS,10020,Product_20,4709.0
2025-02-07,Line 4,NS,10011,Product_11,1750.0
2025-09-20,Line 2,NS,10009,Product_9,1295.0
2025-09-26,Line 3,DS,10010,Product_10,1926.0
2025-02-27,Line 1,DS,10014,Product_14,1612.0
2025-02-14,Line 4,NS,10014,Product_14,2561.0
2025-06-16,Line 1,DS,10017,Product_17,1440.0
12/05/2025,Line 1,NS,10018,Product_18,1243.0
2025-02-24,Line 3,DS,10012,Product_12,4621.0
2025-06-07,Line 4,AS,10014,Product_14,4207.0
2025-07-07,Line 1,NS,10020,Product_20,3929.0
28/05/2025,Line 3,DS,10005,Product_5,2058.0
2025-03-04,Line 4,NS,10010,Product_10,54714.0
2025-11-15,Line 4,AS,10004,Product_4,1652.0
2025-06-28,L1,AS,10002,Product_2,3046.0
2025-07-27,Line 1,NS,10014,Product_14,2160.0
2025-05-28,Line 2,NS,10013,Product_13,4637.0
2025-07-29,Line 3,NS,10005,Product_5,1707.0
23/02/2025,Line 1,AS,10007,Product_7,1294.0
2025-08-28,Line 3,DS,10003,Product_3,2916.0
2025-08-03,Line 1,AS,10013,Product_13,
2025-07-18,Line 3,AS,10001,Product_1,4882.0
2025-06-18,Line 4,AS,10009,Product_9,1990.0
2025-12-18,Line 2,DS,10015,Product_15,1537.0
2025-07-19,Line 1,AS,10019,Product_19,2611.0
2025-03-20,Line 3,NS,10018,Product_18,4446.0
2025-10-07,Line 3,AS,10020,Product_20,4501.0
2025-01-23,Line 2,AS,10017,Product_17,2250.0
2025-10-08,Line 2,AS,10005,Product_5,1942.0
2026-02-08,Line 2,DS,10009,Product_9,3878.0
2025-05-17,Line 3,AS,10016,Product_16,1286.0
2025-01-15,Line 3,DS,10011,Product_11,2003.0
2025-04-05,Line 2,DS,10017,Product_17,4024.0
2025-09-05,Line 3,AS,10015,Product_15,2408.0
2026-03-10,Line 1,AS,10007,Product_7,2841.0
2025-07-20,Line 2,AS,10012,Product_12,4337.0
2025-03-29,Line 1,AS,10020,Product_20,3972.0
2025-03-21,L2,DS,10015,Product_15,2877.0
2025-04-22,Line 2,DS,10009,Product_9,1025.0
2025-03-08,Line 1,NS,10001,Product_1,2034.0
2026-01-08,L4,AS,10004,Product_4,3272.0
2025-07-23,Line 1,AS,10017,Product_17,1104.0
16/08/2025,Line 1,AS,10011,Product_11,2799.0
2026-03-29,Line 1,AS,10004,Product_4,3474.0
2025-05-08,Line 2,NS,10012,Product_12,1771.0
2025-05-24,Line 3,AS,10002,Product_2,1519.0
2025-07-19,Line 3,DS,10013,Product_13,4081.0
2026-02-07,Line 2,NS,10006,Product_6,4826.0
2025-10-26,Line 3,NS,10003,Product_3,3606.0
2025-11-25,Line 3,DS,10015,Product_15,2353.0
2026-01-08,Line 4,DS,10011,Product_11,1177.0
2025-04-24,Line 4,AS,10012,Product_12,3834.0
2025-05-26,Line 4,DS,10011,Product_11,4217.0
2025-01-06,Line 2,NS,10019,Product_19,3734.0
2025-03-19,Line 3,AS,10019,Product_19,3798.0
2025-06-16,Line 4,DS,10003,Product_3,1942.0
2025-11-27,Line 1,AS,10019,Product_19,3554.0
2025-04-10,Line 2,AS,10018,Product_18,3388.0
2025-02-24,Line 1,AS,10014,Product_14,1653.0
2026-03-05,Line 4,NS,10001,Product_1,3512.0
2025-05-23,Line 3,NS,10019,Product_19,2277.0
2025-11-12,Line 2,DS,10019,Product_19,2339.0
2025-08-21,Line 4,AS,10017,Product_17,2287.0
2025-09-03,Line 2,AS,10003,Product_3,2262.0
2025-05-10,Line 3,DS,10011,Product_11,1505.0
2025-10-25,Line 4,DS,10006,Product_6,4566.0
2026-03-22,Line 4,NS,10009,Product_9,
2025-10-21,Line 1,DS,10002,Product_2,4608.0
2026-02-19,Line 1,DS,10010,Product_10,3388.0
2025-08-21,Line 2,DS,10020,Product_20,4575.0
2026-03-15,Line 4,DS,10002,Product_2,1660.0
2025-06-28,Line 2,DS,10018,Product_18,2302.0
2025-10-04,Line 3,NS,10011,Product_11,1396.0
19/12/2025,Line 1,AS,10008,Product_8,2662.0
2025-07-19,Line 1,AS,10006,Product_6,2702.0
2025-10-22,Line 2,NS,10001,Product_1,
2025-07-18,Line 4,AS,10004,Product_4,2006.0
2025-08-08,Line 1,DS,10013,Product_13,1299.0
2026-03-28,Line 1,AS,10015,Product_15,4755.0
2025-03-10,Line 1,AS,10007,Product_7,
2026-01-03,Line 1,NS,10012,Product_12,3998.0
2026-02-26,Line 2,AS,10004,Product_4,
2025-05-04,Line 2,AS,10015,Product_15,2467.0
2025-07-26,Line 4,NS,10001,Product_1,4729.0
2025-10-16,Line 2,DS,10001,Product_1,1070.0
2025-01-13,Line 2,NS,10002,Product_2,3313.0
2025-09-25,L1,NS,10001,Product_1,2181.0
2025-08-04,Line 4,AS,10005,Product_5,4284.0
2025-12-24,Line 3,NS,10003,Product_3,3241.0
2025-08-13,L1,NS,10001,Product_1,2600.0
2026-03-26,Line 3,AS,10006,Product_6,1059.0
2025-05-22,Line 2,NS,10015,Product_15,4721.0
2025-10-01,Line 4,AS,10001,Product_1,2614.0
2025-01-01,Line 3,NS,10002,Product_2,1221.0
2025-11-28,Line 3,DS,10001,Product_1,4118.0
2025-05-03,Line 1,AS,10020,Product_20,2016.0
2025-08-19,Line 2,AS,10001,Product_1,1539.0
2026-02-01,Line 4,DS,10006,Product_6,3385.0
2026-01-16,Line 2,AS,10001,Product_1,3431.0
2026-01-26,Line 3,NS,10007,Product_7,4662.0
2025-09-20,Line 4,DS,10002,Product_2,1976.0
2025-12-06,Line 2,NS,10019,Product_19,1267.0
2025-06-11,Line 4,DS,10010,Product_10,4444.0
2026-01-16,Line 2,AS,10001,Product_1,1727.0
2025-01-05,Line 3,NS,10015,Product_15,4621.0
2025-01-01,Line 4,AS,10004,Product_4,4401.0
2025-02-14,Line 1,AS,10014,Product_14,3146.0
2025-11-23,Line 3,NS,10010,Product_10,1572.0
2025-08-08,Line 1,DS,10003,Product_3,4187.0
2025-03-19,Line 3,DS,10019,Product_19,4564.0
2025-08-07,Line 2,DS,10001,Product_1,60478.0
2026-02-07,Line 2,NS,10003,Product_3,3687.0
2025-02-03,Line 2,AS,10002,Product_2,1837.0
2025-04-12,Line 3,AS,10002,Product_2,4760.0
2025-05-29,Line 1,AS,10008,Product_8,4022.0
2025-08-23,Line 2,DS,10003,Product_3,3777.0
2025-02-11,Line 4,DS,10011,Product_11,4266.0
2026-01-02,Line 4,NS,10017,Product_17,3136.0
2025-11-09,Line 1,AS,10008,Product_8,2121.0
2025-03-14,Line 1,NS,10002,Product_2,1331.0
2025-04-06,Line 3,NS,10004,Product_4,3814.0
29/10/2025,Line 2,NS,10017,Product_17,2807.0
2025-05-07,Line 1,DS,10012,Product_12,3626.0
2025-08-16,Line 4,DS,10009,Product_9,1028.0
2025-09-12,Line 1,AS,10011,Product_11,2904.0
2026-01-07,Line 1,NS,10012,Product_12,4121.0
2025-01-29,Line 1,AS,10008,Product_8,
2026-01-04,Line 2,NS,10005,Product_5,3202.0
2025-03-21,Line 4,AS,10008,Product_8,3699.0
2025-09-23,Line 2,NS,10020,Product_20,4899.0
2026-03-19,Line 3,DS,10006,Product_6,2326.0
2025-01-18,Line 1,NS,10002,Product_2,3415.0
2025-12-30,Line 2,DS,10012,Product_12,2197.0
2026-01-26,Line 4,DS,10016,Product_16,1142.0
2025-02-15,Line 4,DS,10013,Product_13,1609.0
2025-05-13,Line 2,AS,10002,Product_2,2761.0
2025-06-20,L3,NS,10019,Product_19,1196.0
2025-06-18,Line 1,DS,10017,Product_17,2365.0
2025-07-17,Line 3,NS,10008,Product_8,3480.0
2025-12-25,L2,AS,10004,Product_4,4380.0
2025-12-23,Line 4,DS,10001,Product_1,3453.0
2026-01-02,Line 2,AS,10001,Product_1,2836.0
2025-07-30,Line 3,AS,10014,Product_14,2929.0
2026-03-04,Line 1,NS,10008,Product_8,1662.0
2025-03-16,Line 1,AS,10002,Product_2,3724.0
2025-08-10,Line 2,DS,10007,Product_7,2987.0
2025-02-01,Line 4,AS,10001,Product_1,2402.0
2026-02-18,Line 4,NS,10005,Product_5,3481.0
2026-02-12,Line 4,AS,10014,Product_14,1093.0
2025-02-26,Line 3,AS,10013,Product_13,4405.0
2025-04-19,Line 4,AS,10020,Product_20,1193.0
2025-01-04,Line 3,DS,10020,Product_20,4668.0
2025-09-04,Line 4,AS,10009,Product_9,4738.0
2025-06-13,Line 1,DS,10011,Product_11,3722.0
2025-07-09,Line 1,AS,10020,Product_20,3122.0
2025-05-29,Line 4,NS,10018,Product_18,1393.0
2026-02-21,Line 2,DS,10012,Product_12,4999.0
2025-05-02,Line 3,NS,10006,Product_6,1454.0
2026-03-17,Line 1,AS,10007,Product_7,3510.0
2025-06-28,Line 4,AS,10012,Product_12,2943.0
2025-10-14,Line 2,DS,10002,Product_2,
2025-02-17,Line 3,DS,10017,Product_17,4223.0
2025-02-27,Line 4,NS,10008,Product_8,1008.0
2025-09-06,Line 3,NS,10003,Product_3,2866.0
2025-10-19,Line 1,AS,10010,Product_10,3303.0
2025-05-28,Line 3,DS,10008,Product_8,2003.0
2025-10-21,Line 3,DS,10004,Product_4,4243.0
2025-06-14,Line 1,DS,10013,Product_13,2727.0
2025-06-03,Line 3,NS,10006,Product_6,2511.0
2025-04-27,Line 2,DS,10019,Product_19,2836.0
2025-06-23,Line 4,NS,10001,Product_1,2345.0
2025-06-06,Line 3,NS,10019,Product_19,3093.0
2025-10-11,Line 2,DS,10007,Product_7,1358.0
2025-10-23,Line 2,NS,10016,Product_16,2580.0
2025-03-07,Line 3,NS,10010,Product_10,3417.0
2025-02-13,Line 3,AS,10014,Product_14,3677.0
2025-05-28,Line 4,AS,10015,Product_15,4959.0
2026-03-05,Line 1,AS,10011,Product_11,1656.0
2026-01-22,Line 1,DS,10008,Product_8,3362.0
2025-05-12,Line 3,AS,10011,Product_11,2575.0
2025-07-31,Line 2,NS,10002,Product_2,4305.0
2026-01-03,Line 3,DS,10003,Product_3,2665.0
2025-08-26,Line 2,DS,10008,Product_8,
2025-02-08,Line 4,AS,10013,Product_13,3086.0
2025-07-21,Line 2,NS,10016,Product_16,4923.0
2025-11-19,Line 3,NS,10016,Product_16,1934.0
2025-11-15,Line 4,NS,10007,Product_7,4031.0
2025-06-16,Line 1,AS,10012,Product_12,4667.0
2025-06-25,Line 3,AS,10019,Product_19,1565.0
2025-10-16,Line 1,DS,10004,Product_4,1182.0
2025-04-30,Line 2,DS,10012,Product_12,2634.0
2025-05-25,Line 3,NS,10007,Product_7,2458.0
2025-02-17,Line 3,DS,10015,Product_15,4583.0
2025-09-22,Line 2,AS,10014,Product_14,1476.0
2026-03-18,Line 2,NS,10018,Product_18,1388.0
2025-02-24,Line 2,AS,10008,Product_8,1320.0
2025-12-03,Line 2,DS,10008,Product_8,91055.0
2025-10-22,Line 1,DS,10006,Product_6,4113.0
2025-10-06,Line 4,NS,10010,Product_10,2155.0
2025-02-02,Line 2,AS,10008,Product_8,3961.0
2025-08-25,Line 2,AS,10012,Product_12,1055.0
2025-01-28,Line 1,DS,10020,Product_20,4264.0
2025-08-10,Line 2,DS,10016,Product_16,1688.0
2025-04-28,Line 3,DS,10020,Product_20,2807.0
2026-01-17,Line 4,NS,10015,Product_15,1833.0
2025-08-25,Line 4,AS,10014,Product_14,4878.0
2025-02-25,L1,AS,10008,Product_8,2429.0
2026-02-10,Line 4,DS,10013,Product_13,3027.0
2025-05-10,Line 1,NS,10008,Product_8,3050.0
2025-06-25,L4,AS,10010,Product_10,3251.0
2025-12-21,Line 4,NS,10018,Product_18,4072.0
29/04/2025,Line 1,AS,10005,Product_5,4866.0
2025-07-20,Line 4,AS,10008,Product_8,4789.0
2025-08-13,Line 1,DS,10008,Product_8,1534.0
2025-04-14,Line 2,NS,10001,Product_1,3820.0
2025-04-16,Line 2,DS,10006,Product_6,
2025-03-17,Line 4,DS,10005,Product_5,1018.0
2025-04-10,Line 4,NS,10018,Product_18,1080.0
2025-11-12,L4,DS,10007,Product_7,2906.0
2026-01-23,Line 2,DS,10018,Product_18,
2025-12-03,Line 1,AS,10013,Product_13,3078.0
2026-03-10,Line 4,AS,10011,Product_11,3660.0
2025-08-01,Line 1,NS,10020,Product_20,4955.0
2026-03-11,Line 3,NS,10019,Product_19,2414.0
2025-01-11,Line 3,AS,10016,Product_16,3824.0
2026-01-26,Line 1,AS,10018,Product_18,1898.0
2025-04-02,Line 1,AS,10012,Product_12,2034.0
2026-03-01,Line 2,AS,10005,Product_5,4683.0
2025-11-06,L3,DS,10017,Product_17,3107.0
2025-02-08,Line 3,DS,10017,Product_17,3175.0
2026-01-19,Line 4,NS,10007,Product_7,3119.0
2025-02-08,Line 3,AS,10017,Product_17,3137.0
2025-12-23,Line 3,NS,10018,Product_18,2857.0
2025-09-11,Line 4,DS,10009,Product_9,2449.0
2025-04-05,Line 3,NS,10013,Product_13,4944.0
2025-01-19,Line 4,DS,10004,Product_4,3395.0
2025-03-07,L1,AS,10013,Product_13,2332.0
2025-02-23,Line 3,DS,10018,Product_18,2855.0
2025-09-30,Line 1,AS,10015,Product_15,3080.0
12/04/2025,Line 4,DS,10007,Product_7,
2026-02-21,Line 1,NS,10004,Product_4,1893.0
2025-08-09,Line 1,DS,10017,Product_17,1189.0
2025-12-13,Line 3,DS,10001,Product_1,
18/08/2025,Line 2,AS,10007,Product_7,3194.0
2025-09-13,Line 1,DS,10005,Product_5,4592.0
2025-05-09,Line 2,AS,10011,Product_11,2560.0
2025-08-29,Line 1,DS,10008,Product_8,3698.0
30/10/2025,Line 4,NS,10018,Product_18,3776.0
2025-02-05,Line 2,DS,10007,Product_7,3270.0
2025-11-19,Line 4,NS,10019,Product_19,3261.0
2025-11-20,Line 3,AS,10003,Product_3,1655.0
2025-05-30,Line 4,DS,10001,Product_1,1850.0
2025-04-20,Line 2,DS,10020,Product_20,2582.0
2025-02-14,Line 4,NS,10020,Product_20,3675.0
2025-03-03,Line 1,NS,10009,Product_9,2039.0
2025-03-31,Line 4,NS,10011,Product_11,2648.0
2025-04-27,Line 4,AS,10019,Product_19,
2025-05-02,Line 3,DS,10013,Product_13,4757.0
2026-03-19,Line 2,DS,10013,Product_13,3425.0
2025-08-21,Line 1,DS,10011,Product_11,1901.0
2026-01-03,Line 3,NS,10012,Product_12,3814.0
2025-05-16,Line 3,AS,10016,Product_16,4908.0
2025-08-19,Line 4,DS,10003,Product_3,3171.0
2025-12-08,Line 3,AS,10010,Product_10,3932.0
2026-02-19,Line 2,DS,10018,Product_18,3859.0
2025-07-30,Line 3,NS,10015,Product_15,2551.0
2025-08-24,Line 4,DS,10005,Product_5,3483.0
2025-08-31,Line 3,DS,10006,Product_6,2388.0
2025-07-05,Line 3,DS,10002,Product_2,3056.0
2026-03-09,Line 1,NS,10001,Product_1,2730.0
2025-06-05,Line 3,AS,10014,Product_14,4733.0
2025-11-21,Line 1,DS,10004,Product_4,4428.0
2026-02-15,Line 2,AS,10007,Product_7,3697.0
2025-12-26,L3,AS,10018,Product_18,2156.0
2025-11-02,Line 1,NS,10002,Product_2,1559.0
2025-08-13,Line 1,AS,10002,Product_2,1168.0
2025-03-21,Line 3,NS,10004,Product_4,4864.0
2025-12-11,Line 4,NS,10020,Product_20,1153.0
2026-03-18,Line 2,DS,10015,Product_15,
2025-11-20,Line 3,NS,10014,Product_14,3116.0
2025-08-04,Line 1,NS,10003,Product_3,2193.0
2026-01-17,Line 3,NS,10020,Product_20,3460.0
2025-09-03,Line 2,NS,10002,Product_2,4422.0
2025-05-14,Line 1,AS,10005,Product_5,2219.0
2025-01-09,Line 1,AS,10015,Product_15,2172.0
2026-03-04,Line 2,DS,10014,Product_14,
2025-10-17,L1,NS,10013,Product_13,1017.0
25/03/2026,Line 3,AS,10019,Product_19,3700.0
2026-02-11,Line 2,DS,10020,Product_20,1481.0
2026-03-12,Line 2,AS,10009,Product_9,99222.0
2025-03-24,Line 4,NS,10009,Product_9,2921.0
2025-12-12,Line 4,AS,10007,Product_7,78042.0
2025-04-15,Line 2,AS,10008,Product_8,1696.0
2025-02-04,Line 2,DS,10003,Product_3,4578.0
2025-05-16,Line 3,NS,10015,Product_15,3119.0
2025-10-30,Line 4,NS,10006,Product_6,4389.0
2025-01-08,Line 4,AS,10003,Product_3,3119.0
2025-10-20,Line 3,AS,10005,Product_5,1021.0
2025-03-09,Line 1,AS,10016,Product_16,4000.0
2025-03-22,Line 4,AS,10016,Product_16,
2025-05-11,Line 2,NS,10002,Product_2,4297.0
2025-12-10,Line 4,AS,10012,Product_12,1924.0
2025-05-26,Line 3,NS,10019,Product_19,1261.0
2025-10-10,Line 4,AS,10001,Product_1,3736.0
2025-04-01,Line 1,AS,10020,Product_20,2356.0
2026-03-03,Line 1,NS,10005,Product_5,2561.0
2025-07-05,Line 3,DS,10003,Product_3,3249.0
2025-11-16,Line 1,NS,10006,Product_6,2616.0
2025-03-08,Line 4,DS,10012,Product_12,3106.0
2025-05-09,Line 4,NS,10009,Product_9,1901.0
2025-01-20,Line 4,AS,10009,Product_9,1437.0
2025-05-27,L1,AS,10002,Product_2,4221.0
2026-03-18,Line 4,DS,10012,Product_12,2314.0
2026-02-10,Line 4,NS,10008,Product_8,1296.0
31/03/2025,Line 4,NS,10020,Product_20,2951.0
2025-03-21,Line 4,DS,10009,Product_9,2383.0
2025-01-01,Line 2,AS,10002,Product_2,4685.0
2025-08-03,Line 2,DS,10006,Product_6,1927.0
13/02/2025,Line 3,AS,10014,Product_14,1840.0
2025-06-01,Line 1,DS,10014,Product_14,1898.0
2025-05-18,Line 2,AS,10001,Product_1,3358.0
2025-04-13,Line 4,DS,10002,Product_2,3944.0
2025-06-14,Line 1,NS,10005,Product_5,4368.0
2025-05-23,Line 2,AS,10019,Product_19,2329.0
2025-10-13,Line 1,NS,10013,Product_13,2962.0
2025-05-17,Line 4,NS,10001,Product_1,2037.0
2025-01-19,Line 4,NS,10007,Product_7,4677.0
2025-07-17,Line 3,AS,10019,Product_19,3601.0
2025-06-19,Line 3,AS,10007,Product_7,1439.0
2025-12-04,Line 3,AS,10001,Product_1,2994.0
2025-06-02,Line 1,NS,10015,Product_15,3916.0
2025-03-01,Line 4,AS,10009,Product_9,3537.0
2025-05-30,Line 3,NS,10020,Product_20,1779.0
2025-08-01,Line 2,DS,10007,Product_7,2888.0
2025-05-08,Line 4,DS,10005,Product_5,4753.0
27/10/2025,L2,DS,10006,Product_6,2436.0
2025-01-18,Line 2,AS,10014,Product_14,2416.0
2026-02-13,Line 2,AS,10014,Product_14,2407.0
2025-11-08,Line 2,DS,10011,Product_11,1124.0
27/10/2025,Line 2,NS,10020,Product_20,1015.0
2026-01-15,Line 1,DS,10004,Product_4,3536.0
2025-12-14,Line 4,NS,10018,Product_18,4081.0
2026-03-06,Line 2,DS,10016,Product_16,2206.0
2025-06-21,Line 4,NS,10011,Product_11,4041.0
2026-01-26,Line 2,AS,10007,Product_7,2256.0
2025-03-07,L1,AS,10005,Product_5,2976.0
2025-03-06,Line 2,AS,10014,Product_14,3762.0
18/10/2025,Line 3,NS,10015,Product_15,1782.0
2026-01-21,Line 2,AS,10016,Product_16,2405.0
2025-10-10,Line 4,NS,10017,Product_17,4555.0
2025-02-02,Line 1,DS,10013,Product_13,1109.0
2026-03-14,L3,DS,10015,Product_15,4336.0
2025-01-12,Line 3,DS,10012,Product_12,2735.0
2025-01-20,Line 1,NS,10019,Product_19,3385.0
2025-10-20,Line 3,DS,10004,Product_4,1053.0
2025-03-29,Line 2,DS,10016,Product_16,3450.0
2025-01-27,Line 3,NS,10010,Product_10,2267.0
2025-05-30,Line 3,AS,10007,Product_7,4255.0
2026-01-01,Line 4,AS,10001,Product_1,4635.0
2025-11-10,Line 1,NS,10002,Product_2,1872.0
2025-10-16,Line 4,AS,10007,Product_7,3639.0
2026-03-01,Line 2,AS,10014,Product_14,1832.0
2025-02-17,Line 1,NS,10015,Product_15,2595.0
2025-11-15,Line 1,AS,10016,Product_16,1582.0
2026-02-08,Line 2,DS,10011,Product_11,3855.0
2025-07-06,Line 3,AS,10019,Product_19,2261.0
2025-05-16,Line 1,DS,10007,Product_7,4208.0
2025-03-23,Line 3,AS,10001,Product_1,2124.0
2025-08-18,Line 4,AS,10004,Product_4,2527.0
2025-11-11,Line 2,NS,10003,Product_3,3306.0
2025-11-30,Line 2,AS,10019,Product_19,2668.0
2025-07-14,Line 3,AS,10010,Product_10,4708.0
2025-12-08,Line 1,AS,10020,Product_20,2034.0
2025-08-16,Line 4,DS,10002,Product_2,1393.0
2025-03-20,Line 3,NS,10018,Product_18,1727.0
2025-07-12,Line 4,DS,10008,Product_8,2334.0
2025-12-01,Line 1,DS,10018,Product_18,1955.0
2025-05-14,Line 2,DS,10017,Product_17,2986.0
2025-05-22,Line 3,AS,10001,Product_1,4493.0
2025-09-03,Line 4,DS,10002,Product_2,4900.0
2025-12-30,Line 2,DS,10001,Product_1,3081.0
2026-02-05,Line 4,NS,10014,Product_14,3531.0
2025-09-19,Line 3,NS,10013,Product_13,1676.0
2025-05-24,Line 2,AS,10003,Product_3,2640.0
2026-02-25,Line 1,DS,10004,Product_4,3010.0
2026-01-02,Line 4,DS,10013,Product_13,4491.0
2026-01-22,Line 4,DS,10003,Product_3,4785.0
2025-06-22,Line 3,DS,10001,Product_1,2585.0
2025-10-01,Line 4,NS,10016,Product_16,3172.0
2025-05-12,Line 1,AS,10016,Product_16,2339.0
2026-02-24,Line 2,NS,10012,Product_12,2371.0
2025-08-29,Line 2,AS,10002,Product_2,4634.0
2025-05-31,Line 1,NS,10009,Product_9,2667.0
2025-03-08,Line 2,NS,10006,Product_6,2033.0
2025-02-17,Line 1,DS,10005,Product_5,1127.0
2026-01-03,Line 2,AS,10006,Product_6,2899.0
2025-11-18,Line 3,DS,10020,Product_20,3222.0
2025-01-28,Line 4,NS,10001,Product_1,3381.0
2025-03-20,Line 3,DS,10018,Product_18,3309.0
2025-09-23,Line 4,NS,10002,Product_2,3066.0
2025-05-16,Line 2,DS,10006,Product_6,3226.0
2025-08-21,Line 2,DS,10008,Product_8,3732.0
2025-03-31,Line 1,AS,10012,Product_12,1604.0
2026-03-15,Line 3,AS,10013,Product_13,3654.0
2026-03-11,Line 3,AS,10008,Product_8,
2025-03-02,Line 4,DS,10002,Product_2,91688.0
24/06/2025,Line 3,AS,10006,Product_6,2417.0
2025-12-27,Line 3,AS,10004,Product_4,2412.0
2026-02-08,Line 3,NS,10003,Product_3,
2026-03-19,Line 3,NS,10007,Product_7,2320.0
2025-06-07,Line 4,DS,10001,Product_1,1354.0
2025-12-20,Line 3,DS,10019,Product_19,2706.0
2026-01-16,Line 2,NS,10008,Product_8,1320.0
2026-01-07,Line 4,NS,10016,Product_16,2809.0
2025-10-21,Line 3,DS,10014,Product_14,2021.0
2025-01-20,Line 4,DS,10004,Product_4,4172.0
2026-02-20,Line 4,NS,10001,Product_1,1401.0
2026-01-03,Line 3,AS,10007,Product_7,2984.0
2025-12-18,Line 4,AS,10016,Product_16,4219.0
2025-12-22,Line 1,DS,10009,Product_9,
2026-02-20,Line 1,DS,10014,Product_14,1387.0
18/02/2025,Line 4,AS,10001,Product_1,1376.0
2025-10-03,Line 2,AS,10007,Product_7,2046.0
2025-08-20,Line 3,NS,10010,Product_10,3350.0
2025-10-07,Line 3,AS,10004,Product_4,2461.0
2025-06-03,Line 3,DS,10018,Product_18,3384.0
2025-04-17,Line 4,AS,10007,Product_7,1227.0
2025-11-11,Line 3,DS,10018,Product_18,3112.0
2025-07-17,Line 3,AS,10020,Product_20,1646.0
2025-12-07,Line 3,AS,10012,Product_12,1539.0
2026-02-15,Line 2,NS,10009,Product_9,3458.0
2025-12-15,Line 3,NS,10006,Product_6,1503.0
2026-02-15,Line 4,AS,10013,Product_13,2326.0
06/05/2025,Line 4,AS,10017,Product_17,2562.0
2025-12-14,Line 2,AS,10004,Product_4,3043.0
2026-03-08,Line 3,DS,10015,Product_15,3407.0
2025-02-04,Line 2,AS,10011,Product_11,4552.0
2025-02-12,Line 4,NS,10016,Product_16,4080.0
21/03/2026,Line 2,NS,10002,Product_2,1466.0
2025-04-12,Line 2,NS,10001,Product_1,1772.0
2025-01-12,Line 3,AS,10009,Product_9,1258.0
2025-03-28,Line 1,AS,10013,Product_13,3582.0
2026-03-03,Line 3,AS,10007,Product_7,3671.0
2025-06-25,Line 4,NS,10009,Product_9,1344.0
14/02/2026,Line 2,DS,10002,Product_2,3552.0
26/06/2025,Line 1,DS,10018,Product_18,2649.0
2026-01-27,Line 1,AS,10017,Product_17,4357.0
2025-10-26,Line 2,DS,10001,Product_1,1283.0
2025-06-07,Line 1,DS,10003,Product_3,1848.0
2025-06-07,Line 1,DS,10007,Product_7,
2025-05-07,Line 2,DS,10003,Product_3,2534.0
30/01/2025,Line 3,AS,10015,Product_15,3646.0
2025-03-20,Line 3,AS,10007,Product_7,
2025-03-08,Line 3,DS,10003,Product_3,4566.0
28/03/2025,Line 2,AS,10016,Product_16,1212.0
2025-08-26,Line 2,AS,10015,Product_15,3558.0
2025-01-24,Line 4,NS,10008,Product_8,2706.0
2025-07-04,Line 1,NS,10014,Product_14,4808.0
31/05/2025,Line 1,NS,10002,Product_2,3371.0
2025-12-14,Line 3,AS,10018,Product_18,3459.0
2025-11-22,Line 3,NS,10003,Product_3,2748.0
2025-12-21,Line 3,NS,10016,Product_16,4974.0
2025-06-04,Line 4,AS,10006,Product_6,3679.0
2025-11-01,Line 4,DS,10005,Product_5,3501.0
2025-10-11,Line 3,NS,10016,Product_16,2490.0
2026-02-11,Line 1,AS,10013,Product_13,4256.0
2025-02-24,Line 1,NS,10011,Product_11,2651.0
2026-01-18,Line 2,AS,10001,Product_1,2593.0
11/02/2025,Line 4,AS,10012,Product_12,4655.0
2026-03-06,Line 4,DS,10014,Product_14,3133.0
2025-12-25,Line 4,AS,10005,Product_5,1673.0
2025-12-23,Line 3,DS,10006,Product_6,2804.0
2025-09-20,Line 4,NS,10006,Product_6,4370.0
2026-02-06,Line 1,AS,10012,Product_12,3917.0
2025-05-25,Line 4,AS,10002,Product_2,4157.0
2025-11-20,Line 3,DS,10008,Product_8,1725.0
2026-03-30,Line 3,NS,10015,Product_15,3835.0
2026-02-06,Line 2,NS,10012,Product_12,1711.0
2025-10-31,Line 1,DS,10014,Product_14,2227.0
2025-02-25,Line 3,DS,10005,Product_5,
2025-03-29,Line 3,NS,10019,Product_19,2757.0
2025-02-24,Line 1,NS,10005,Product_5,1872.0
2025-01-21,Line 4,DS,10013,Product_13,2194.0
2025-05-31,L2,NS,10009,Product_9,3262.0
2025-08-26,Line 2,NS,10017,Product_17,3356.0
2025-03-07,Line 1,DS,10016,Product_16,2009.0
2025-08-16,Line 4,AS,10014,Product_14,3422.0
2025-01-14,Line 1,NS,10011,Product_11,4579.0
2025-02-08,Line 1,DS,10014,Product_14,2383.0
2025-02-06,Line 4,DS,10004,Product_4,2249.0
2025-02-17,Line 2,DS,10009,Product_9,3647.0
2025-03-11,Line 3,AS,10006,Product_6,4466.0
2025-06-22,Line 2,AS,10015,Product_15,2369.0
09/09/2025,Line 1,NS,10007,Product_7,4971.0
2025-06-12,Line 4,AS,10018,Product_18,2556.0
2025-11-02,Line 2,AS,10003,Product_3,2551.0
11/11/2025,Line 2,DS,10017,Product_17,3731.0
2025-07-13,Line 1,AS,10001,Product_1,1902.0
2025-11-29,Line 2,NS,10016,Product_16,
2026-02-22,Line 1,AS,10020,Product_20,1735.0
2025-03-29,Line 2,AS,10019,Product_19,1397.0
2025-04-02,Line 2,NS,10019,Product_19,3488.0
2025-08-13,Line 1,NS,10011,Product_11,4346.0
19/09/2025,Line 4,DS,10001,Product_1,63330.0
2025-03-16,Line 1,AS,10018,Product_18,4089.0
2025-10-06,Line 1,DS,10007,Product_7,4143.0
2025-09-09,Line 4,DS,10011,Product_11,2961.0
2025-11-06,Line 4,DS,10010,Product_10,1209.0
2026-03-26,Line 2,DS,10013,Product_13,1682.0
2025-06-19,Line 1,DS,10007,Product_7,4087.0
2025-01-26,L4,DS,10007,Product_7,
2026-01-28,Line 2,DS,10004,Product_4,2253.0
2025-03-11,Line 4,NS,10017,Product_17,1272.0
2025-02-27,Line 2,NS,10019,Product_19,1600.0
2025-03-27,Line 2,DS,10016,Product_16,1908.0
2025-11-03,Line 1,AS,10012,Product_12,1733.0
16/01/2026,Line 2,NS,10014,Product_14,4440.0
2025-04-04,Line 4,AS,10016,Product_16,3035.0
2025-09-11,Line 2,NS,10020,Product_20,3092.0
2025-03-18,Line 3,AS,10008,Product_8,3946.0
2025-08-06,Line 2,DS,10006,Product_6,2064.0
2025-04-26,Line 1,NS,10008,Product_8,
2025-02-07,Line 3,NS,10016,Product_16,4121.0
2025-05-18,Line 3,NS,10013,Product_13,1419.0
2025-10-06,Line 1,DS,10006,Product_6,3442.0
2025-01-02,Line 3,AS,10006,Product_6,4830.0
2025-06-02,Line 1,NS,10011,Product_11,1470.0
2025-12-01,Line 3,DS,10014,Product_14,
2025-06-28,Line 1,NS,10020,Product_20,
2026-03-18,Line 3,DS,10010,Product_10,3352.0
2025-10-31,L4,NS,10004,Product_4,3832.0
26/01/2025,Line 3,AS,10007,Product_7,2890.0
2025-05-19,Line 4,AS,10002,Product_2,1285.0
2025-10-06,Line 3,DS,10017,Product_17,4339.0
2025-07-20,Line 4,DS,10010,Product_10,2895.0
2025-10-08,Line 3,NS,10004,Product_4,1447.0
2025-03-21,Line 4,AS,10005,Product_5,4247.0
2026-02-11,Line 2,NS,10013,Product_13,1671.0
2025-05-07,Line 4,NS,10016,Product_16,3820.0
2026-01-07,Line 4,NS,10004,Product_4,3167.0
2026-03-03,Line 1,DS,10006,Product_6,1237.0
2025-07-22,Line 4,DS,10005,Product_5,2255.0
2025-06-12,Line 2,DS,10002,Product_2,1976.0
2026-03-28,Line 3,DS,10009,Product_9,3074.0
2025-05-26,Line 2,DS,10020,Product_20,1098.0
2026-03-13,Line 4,AS,10020,Product_20,4616.0
2026-02-26,Line 1,DS,10006,Product_6,1672.0
2025-07-09,Line 2,AS,10015,Product_15,2857.0
2025-11-06,Line 1,DS,10011,Product_11,3562.0
2025-04-14,Line 1,DS,10001,Product_1,4737.0
2025-04-15,Line 3,NS,10002,Product_2,4663.0
2025-03-11,Line 4,AS,10019,Product_19,3945.0
2025-08-14,Line 1,DS,10003,Product_3,1769.0
2025-11-15,Line 1,NS,10020,Product_20,3088.0
2025-06-01,Line 1,DS,10006,Product_6,4131.0
2025-04-16,Line 1,DS,10016,Product_16,4808.0
2025-10-25,Line 3,DS,10020,Product_20,2796.0
2025-03-26,Line 4,NS,10010,Product_10,1552.0
2025-05-11,Line 2,NS,10017,Product_17,2532.0
2026-03-01,Line 4,DS,10006,Product_6,56104.0
2025-06-08,Line 1,DS,10014,Product_14,1389.0
2025-07-19,Line 3,AS,10010,Product_10,2482.0
2025-06-30,Line 3,NS,10015,Product_15,1515.0
2025-04-22,Line 3,NS,10002,Product_2,3471.0
17/08/2025,Line 4,NS,10017,Product_17,4470.0
2025-05-14,Line 2,DS,10007,Product_7,1147.0
2026-03-19,Line 4,NS,10001,Product_1,2202.0
2026-03-02,Line 3,DS,10002,Product_2,3339.0
2025-07-28,Line 2,AS,10007,Product_7,3645.0
2025-03-18,Line 3,AS,10004,Product_4,4729.0
02/02/2025,Line 4,DS,10015,Product_15,2523.0
2025-08-03,Line 3,AS,10012,Product_12,2194.0
2025-01-06,Line 3,NS,10019,Product_19,2981.0
2025-05-14,Line 3,DS,10017,Product_17,1709.0
2025-12-08,Line 1,DS,10019,Product_19,
2025-06-02,Line 4,NS,10015,Product_15,
2025-11-24,Line 4,NS,10015,Product_15,1727.0
2025-06-15,Line 2,AS,10012,Product_12,3883.0
2025-09-08,Line 1,DS,10018,Product_18,4131.0
2025-08-27,Line 1,DS,10013,Product_13,2197.0
2025-03-28,Line 4,AS,10019,Product_19,3721.0
2025-02-03,Line 1,NS,10016,Product_16,4211.0
2025-01-10,Line 2,NS,10018,Product_18,2995.0
2025-01-15,Line 2,AS,10016,Product_16,92420.0
2025-09-14,Line 4,AS,10009,Product_9,2841.0
09/09/2025,Line 2,NS,10006,Product_6,2913.0
2025-05-31,Line 4,NS,10018,Product_18,3760.0
2025-10-23,Line 1,NS,10011,Product_11,2364.0
2025-01-25,Line 1,NS,10008,Product_8,3171.0
2026-02-04,Line 4,AS,10020,Product_20,1318.0
2025-10-05,Line 1,AS,10017,Product_17,1539.0
2025-04-25,Line 4,NS,10008,Product_8,2839.0
2026-03-12,Line 1,AS,10009,Product_9,4912.0
2025-07-20,Line 2,NS,10003,Product_3,2088.0
2025-05-07,Line 4,AS,10019,Product_19,3078.0
2025-06-22,Line 3,AS,10019,Product_19,3018.0
2025-12-24,Line 1,AS,10016,Product_16,4655.0
2026-01-21,Line 1,DS,10006,Product_6,3609.0
2025-03-23,Line 4,NS,10011,Product_11,2607.0
2026-01-22,Line 4,DS,10016,Product_16,1042.0
2025-04-21,Line 2,AS,10009,Product_9,4288.0
2025-07-25,Line 3,AS,10002,Product_2,1999.0
2025-07-27,Line 3,DS,10012,Product_12,3360.0
2025-03-19,Line 2,AS,10013,Product_13,2394.0
2025-09-04,Line 4,NS,10002,Product_2,1488.0
2025-04-21,Line 1,NS,10010,Product_10,4540.0
2025-11-08,Line 2,NS,10012,Product_12,3970.0
2025-05-20,Line 2,DS,10005,Product_5,3278.0
2025-04-12,Line 4,DS,10009,Product_9,1245.0
2025-11-05,Line 1,AS,10011,Product_11,1093.0
2025-02-08,Line 4,AS,10008,Product_8,1520.0
2025-05-08,Line 3,NS,10018,Product_18,2183.0
2025-03-03,Line 3,AS,10011,Product_11,1038.0
2025-10-06,Line 3,DS,10006,Product_6,4631.0
2025-10-27,Line 2,DS,10015,Product_15,4174.0
2025-07-20,Line 2,NS,10009,Product_9,1113.0
2026-02-15,Line 3,DS,10008,Product_8,3604.0
2025-09-06,Line 3,NS,10017,Product_17,3717.0
2025-09-08,Line 1,DS,10018,Product_18,
2025-06-04,Line 2,NS,10016,Product_16,2853.0
2025-07-31,Line 4,DS,10010,Product_10,2597.0
2025-01-09,Line 2,DS,10011,Product_11,3173.0
2025-02-11,Line 4,AS,10008,Product_8,3929.0
2025-06-13,Line 3,AS,10020,Product_20,4054.0
2025-01-04,Line 1,NS,10011,Product_11,4714.0
2026-02-12,Line 3,NS,10006,Product_6,4221.0
2025-06-11,Line 3,DS,10014,Product_14,
2025-04-25,Line 3,AS,10005,Product_5,1223.0
2025-11-19,Line 1,AS,10001,Product_1,2779.0
2025-01-02,Line 3,NS,10015,Product_15,1772.0
2026-01-23,Line 3,AS,10004,Product_4,1241.0
2025-06-10,Line 3,AS,10007,Product_7,1583.0
2025-11-11,Line 1,NS,10013,Product_13,3424.0
2026-03-20,Line 3,NS,10004,Product_4,1641.0
2025-07-20,Line 3,NS,10016,Product_16,1162.0
2025-12-09,Line 2,AS,10019,Product_19,3414.0
2025-04-13,Line 4,AS,10009,Product_9,3709.0
2025-10-30,Line 2,AS,10015,Product_15,2171.0
2025-04-23,Line 1,DS,10020,Product_20,2848.0
2025-06-13,Line 2,AS,10011,Product_11,3272.0
2026-02-03,Line 4,NS,10017,Product_17,3556.0
2025-10-14,Line 1,NS,10007,Product_7,3794.0
2025-05-30,Line 1,DS,10003,Product_3,1967.0
2025-12-11,Line 2,AS,10002,Product_2,2489.0
2025-12-30,Line 4,NS,10018,Product_18,4756.0
2025-06-16,Line 2,AS,10020,Product_20,1532.0
2025-04-19,Line 2,AS,10004,Product_4,4466.0
2025-04-22,Line 3,NS,10009,Product_9,
2025-08-10,Line 1,NS,10007,Product_7,3463.0
2026-03-02,Line 1,DS,10016,Product_16,
2025-06-29,Line 4,AS,10002,Product_2,1276.0
2026-01-02,Line 4,DS,10005,Product_5,2276.0
2025-06-03,Line 2,AS,10014,Product_14,4663.0
2025-11-06,Line 4,AS,10018,Product_18,2494.0
2025-07-28,Line 3,AS,10002,Product_2,
2025-01-12,Line 3,NS,10002,Product_2,4356.0
2026-02-08,Line 1,DS,10004,Product_4,
2025-01-02,Line 3,NS,10015,Product_15,1941.0
2025-08-13,Line 4,NS,10015,Product_15,1209.0
2025-11-10,Line 4,NS,10011,Product_11,2538.0
2025-07-29,Line 2,NS,10001,Product_1,1445.0
2025-11-03,Line 1,DS,10009,Product_9,4469.0
2025-02-17,Line 3,NS,10009,Product_9,4678.0
2025-10-21,Line 2,AS,10001,Product_1,3476.0
2025-05-30,Line 4,NS,10014,Product_14,4778.0
2025-01-07,L4,NS,10008,Product_8,
2025-12-09,Line 4,DS,10016,Product_16,4564.0
2025-05-17,Line 1,NS,10019,Product_19,3188.0
2025-04-06,Line 4,NS,10007,Product_7,
2026-02-09,Line 2,NS,10005,Product_5,2770.0
2025-10-15,Line 3,DS,10019,Product_19,4282.0
13/06/2025,Line 3,DS,10001,Product_1,3095.0
26/03/2026,Line 3,AS,10006,Product_6,1064.0
2025-08-05,Line 2,NS,10014,Product_14,3418.0
2025-10-04,Line 2,AS,10015,Product_15,3684.0
2026-03-26,Line 3,AS,10016,Product_16,
2025-03-27,Line 3,DS,10003,Product_3,2268.0
2026-01-26,Line 4,NS,10005,Product_5,3676.0
2025-02-21,Line 1,DS,10002,Product_2,3448.0
2025-06-01,Line 1,NS,10001,Product_1,2745.0
2025-09-01,Line 4,DS,10014,Product_14,4193.0
2025-07-25,Line 1,AS,10005,Product_5,3697.0
2025-06-19,Line 1,DS,10018,Product_18,1984.0
2025-06-10,Line 1,NS,10017,Product_17,2302.0
2025-05-31,Line 4,NS,10008,Product_8,2744.0
2025-11-08,Line 2,NS,10018,Product_18,77164.0
2025-07-15,Line 4,AS,10010,Product_10,4779.0
2025-06-13,Line 2,NS,10007,Product_7,1239.0
2025-11-30,Line 3,AS,10020,Product_20,4365.0
2025-05-23,Line 4,AS,10009,Product_9,2805.0
2025-03-06,Line 4,AS,10020,Product_20,3555.0
2025-04-11,Line 3,AS,10015,Product_15,3435.0
2025-08-22,Line 4,DS,10014,Product_14,3096.0
2025-05-15,L2,DS,10014,Product_14,1525.0
2025-09-02,Line 1,NS,10004,Product_4,4352.0
2026-03-10,Line 2,NS,10019,Product_19,3266.0
2026-03-29,Line 3,NS,10020,Product_20,4179.0
2025-05-12,Line 1,DS,10012,Product_12,4713.0
2025-03-10,Line 1,DS,10001,Product_1,4584.0
2025-02-20,Line 2,NS,10011,Product_11,1435.0
2025-10-18,Line 3,DS,10019,Product_19,4223.0
2025-09-08,Line 4,NS,10011,Product_11,4147.0
2025-12-02,Line 2,NS,10017,Product_17,76150.0
05/06/2025,Line 4,NS,10001,Product_1,2705.0
2025-12-30,Line 4,NS,10006,Product_6,3172.0
2025-06-28,Line 1,AS,10009,Product_9,4449.0
2025-12-27,Line 1,AS,10017,Product_17,1181.0
2026-01-17,Line 2,DS,10014,Product_14,1656.0
2025-04-13,Line 1,NS,10003,Product_3,1076.0
2025-11-14,Line 3,DS,10020,Product_20,1730.0
2025-09-03,Line 2,AS,10012,Product_12,2971.0
2025-07-17,Line 4,DS,10020,Product_20,2570.0
2026-02-28,Line 4,AS,10017,Product_17,2679.0
2025-11-19,Line 1,NS,10018,Product_18,3914.0
2025-10-02,Line 3,AS,10017,Product_17,3744.0
2025-06-22,Line 2,AS,10020,Product_20,2542.0
2025-01-14,Line 4,AS,10012,Product_12,1898.0
2025-09-02,Line 2,DS,10012,Product_12,65243.0
2025-11-27,Line 2,NS,10012,Product_12,3966.0
2025-03-13,Line 1,NS,10008,Product_8,4709.0
14/01/2026,Line 4,DS,10017,Product_17,
2025-02-15,Line 3,DS,10016,Product_16,1674.0
2026-01-11,Line 3,DS,10011,Product_11,4564.0
2025-11-21,Line 1,AS,10010,Product_10,4214.0
2025-09-27,Line 2,AS,10011,Product_11,1455.0
2025-05-30,Line 4,NS,10017,Product_17,2274.0
2025-10-06,Line 3,DS,10007,Product_7,4373.0
2026-03-04,Line 3,NS,10012,Product_12,63839.0
2025-03-06,Line 3,DS,10004,Product_4,2909.0
2025-10-06,Line 4,DS,10011,Product_11,3616.0
2025-02-06,Line 2,AS,10018,Product_18,2306.0
2025-10-12,Line 3,AS,10009,Product_9,4908.0
2025-12-08,Line 2,AS,10017,Product_17,1899.0
2025-07-30,Line 4,NS,10003,Product_3,3558.0
2025-07-22,Line 3,AS,10017,Product_17,3792.0
11/08/2025,Line 1,NS,10009,Product_9,4617.0
2025-03-23,Line 2,NS,10004,Product_4,1982.0
2025-01-05,L2,DS,10013,Product_13,4665.0
2025-06-12,Line 2,DS,10007,Product_7,4907.0
2025-11-04,Line 1,DS,10018,Product_18,3199.0
2026-02-07,Line 4,AS,10003,Product_3,1608.0
2025-01-11,Line 4,DS,10012,Product_12,1439.0
2025-04-11,Line 1,DS,10018,Product_18,2990.0
2025-07-13,Line 3,DS,10003,Product_3,4060.0
2025-06-05,Line 1,AS,10013,Product_13,2914.0
2025-02-21,Line 4,NS,10015,Product_15,1011.0
2025-04-08,Line 1,AS,10004,Product_4,3416.0
2025-02-01,Line 3,AS,10009,Product_9,
2025-02-08,Line 2,NS,10010,Product_10,1169.0
2026-03-14,Line 2,NS,10017,Product_17,3130.0
2025-09-01,Line 2,DS,10001,Product_1,69679.0
2025-03-18,Line 2,AS,10012,Product_12,3216.0
2025-07-06,Line 4,NS,10013,Product_13,4431.0
2026-03-29,Line 4,NS,10010,Product_10,3153.0
2025-02-18,Line 3,NS,10001,Product_1,4809.0
2025-09-24,Line 4,NS,10011,Product_11,3778.0
2025-09-06,Line 3,AS,10013,Product_13,4006.0
2025-06-14,Line 1,NS,10002,Product_2,2445.0
2025-03-13,Line 2,DS,10020,Product_20,2976.0
2025-07-14,Line 1,AS,10005,Product_5,4044.0
2025-03-03,Line 3,AS,10009,Product_9,2487.0
2025-03-20,Line 1,DS,10018,Product_18,4097.0
2026-03-06,Line 1,NS,10005,Product_5,2417.0
23/03/2026,Line 4,AS,10020,Product_20,3744.0
2025-08-27,Line 1,NS,10004,Product_4,2892.0
2025-03-30,Line 4,AS,10018,Product_18,1704.0
2025-11-17,Line 1,DS,10004,Product_4,3220.0
2025-07-17,Line 1,NS,10002,Product_2,1310.0
2025-08-18,Line 1,DS,10006,Product_6,4267.0
2025-09-18,Line 2,NS,10003,Product_3,4379.0
2025-10-26,Line 3,NS,10010,Product_10,2850.0
2026-03-05,Line 1,NS,10011,Product_11,3513.0
2026-03-11,Line 1,DS,10003,Product_3,4802.0
2025-10-27,Line 4,DS,10011,Product_11,79286.0
2025-07-15,Line 4,NS,10019,Product_19,4614.0
2025-09-07,Line 1,DS,10016,Product_16,2137.0
2025-10-05,Line 1,AS,10013,Product_13,3494.0
2025-11-23,Line 3,NS,10013,Product_13,3789.0
2025-08-08,Line 3,NS,10007,Product_7,
2025-05-15,Line 4,AS,10012,Product_12,1798.0
2025-08-08,Line 1,NS,10003,Product_3,4112.0
2025-10-27,Line 4,DS,10007,Product_7,1096.0
2025-11-17,Line 3,DS,10018,Product_18,2764.0
2025-10-23,Line 1,AS,10002,Product_2,3238.0
2025-01-03,L4,NS,10016,Product_16,4374.0
2026-01-29,Line 3,AS,10010,Product_10,2365.0
2025-12-20,Line 1,DS,10016,Product_16,3121.0
2026-02-01,Line 2,NS,10010,Product_10,1568.0
2025-06-26,Line 4,DS,10014,Product_14,3768.0
25/05/2025,Line 4,DS,10020,Product_20,1590.0
2025-11-03,Line 1,DS,10002,Product_2,
2025-12-10,Line 1,AS,10012,Product_12,2770.0
2026-01-25,Line 1,DS,10020,Product_20,2497.0
2025-10-18,Line 1,DS,10020,Product_20,1045.0
2025-02-01,Line 1,DS,10010,Product_10,2010.0
15/07/2025,Line 3,AS,10004,Product_4,3261.0
2026-02-14,Line 3,NS,10008,Product_8,2609.0
2025-08-25,Line 2,DS,10005,Product_5,2374.0
2025-09-23,L2,AS,10020,Product_20,2050.0
2025-06-25,L4,NS,10006,Product_6,2911.0
2025-08-10,Line 2,AS,10011,Product_11,88043.0
2025-09-07,Line 2,DS,10014,Product_14,4994.0
2025-08-10,Line 2,AS,10002,Product_2,4526.0
2025-03-04,Line 4,DS,10001,Product_1,2874.0
16/01/2025,Line 4,DS,10004,Product_4,4038.0
2025-04-18,Line 1,AS,10006,Product_6,1555.0
2026-03-10,Line 2,AS,10017,Product_17,1708.0
2025-04-23,Line 2,DS,10001,Product_1,1163.0
2025-03-31,Line 4,NS,10012,Product_12,
2025-06-11,Line 4,AS,10015,Product_15,
23/08/2025,Line 2,DS,10003,Product_3,4475.0
2025-09-04,Line 4,DS,10013,Product_13,4898.0
2025-10-28,Line 1,DS,10007,Product_7,4925.0
2025-01-07,Line 3,NS,10015,Product_15,4839.0
2025-10-04,Line 4,NS,10017,Product_17,1937.0
2025-09-09,Line 4,NS,10019,Product_19,4174.0
2025-03-12,Line 3,DS,10009,Product_9,4238.0
2025-11-02,Line 4,NS,10011,Product_11,3800.0
2026-01-26,Line 4,DS,10001,Product_1,2306.0
2025-09-20,Line 1,DS,10018,Product_18,3780.0
2025-08-15,Line 1,NS,10001,Product_1,1685.0
2025-01-27,Line 4,DS,10015,Product_15,2215.0
2026-02-01,Line 2,AS,10016,Product_16,2865.0
2026-02-04,Line 3,AS,10018,Product_18,1519.0
2025-12-19,Line 1,NS,10009,Product_9,2904.0
2025-03-23,Line 2,DS,10014,Product_14,3154.0
2025-03-14,Line 4,NS,10019,Product_19,4059.0
2025-09-22,Line 2,DS,10003,Product_3,4493.0
2025-11-07,Line 2,NS,10011,Product_11,3744.0
2025-05-08,Line 3,AS,10019,Product_19,1437.0
2026-02-26,Line 3,AS,10009,Product_9,1459.0
2025-11-09,Line 2,DS,10006,Product_6,3722.0
2025-02-10,Line 1,DS,10009,Product_9,3871.0
2025-03-06,Line 4,AS,10020,Product_20,4145.0
2025-11-17,Line 4,DS,10006,Product_6,4520.0
2026-02-07,Line 2,DS,10004,Product_4,3983.0
2026-02-11,Line 2,NS,10008,Product_8,3941.0
2025-03-27,Line 1,AS,10008,Product_8,4927.0
2025-12-16,Line 2,NS,10016,Product_16,2227.0
2025-04-08,Line 3,DS,10006,Product_6,3681.0
2026-02-28,Line 2,DS,10011,Product_11,1847.0
2025-04-21,Line 1,NS,10008,Product_8,4827.0
2025-11-07,Line 1,NS,10011,Product_11,1946.0
2025-03-16,Line 3,NS,10013,Product_13,2113.0
2025-07-04,Line 2,DS,10005,Product_5,3989.0
2025-08-17,Line 3,NS,10007,Product_7,3592.0
2025-02-22,Line 4,NS,10007,Product_7,71909.0
2026-03-10,Line 3,DS,10008,Product_8,4638.0
2025-08-07,Line 2,AS,10012,Product_12,3007.0
2025-09-13,Line 1,NS,10011,Product_11,3750.0
2025-03-25,Line 2,NS,10008,Product_8,4156.0
2025-03-04,Line 3,NS,10020,Product_20,4951.0
2026-02-16,Line 3,NS,10002,Product_2,2345.0
2025-05-26,Line 2,NS,10003,Product_3,3339.0
2025-08-17,Line 4,DS,10018,Product_18,2838.0
2025-11-12,Line 4,DS,10014,Product_14,3000.0
2026-03-03,Line 3,NS,10009,Product_9,1779.0
2026-03-03,Line 3,AS,10017,Product_17,
2025-09-05,Line 4,AS,10010,Product_10,2225.0
2025-12-27,Line 1,DS,10014,Product_14,
2025-07-09,Line 4,DS,10017,Product_17,2419.0
2025-02-01,Line 4,AS,10008,Product_8,
2025-12-03,Line 2,NS,10010,Product_10,1649.0
2025-03-29,Line 4,DS,10010,Product_10,4403.0
2025-02-09,Line 3,DS,10001,Product_1,1811.0
2025-06-12,Line 3,NS,10012,Product_12,2533.0
2025-07-11,Line 1,DS,10003,Product_3,1901.0
2026-01-16,Line 3,AS,10017,Product_17,2659.0
2026-03-08,Line 3,AS,10002,Product_2,3289.0
2025-10-03,Line 4,DS,10019,Product_19,2618.0
2025-08-31,Line 1,AS,10017,Product_17,1507.0
2025-10-17,Line 2,NS,10020,Product_20,4539.0
2025-02-15,Line 2,AS,10016,Product_16,4892.0
2025-09-29,Line 3,DS,10014,Product_14,4451.0
2025-12-20,Line 3,AS,10009,Product_9,2461.0
2026-03-16,Line 1,AS,10015,Product_15,3406.0
2025-10-25,L2,DS,10012,Product_12,4616.0
22/12/2025,Line 4,NS,10015,Product_15,2698.0
2025-01-09,Line 2,AS,10008,Product_8,3385.0
2026-03-13,Line 4,NS,10015,Product_15,2760.0
2025-12-13,Line 1,AS,10007,Product_7,1099.0
2025-05-10,Line 2,NS,10002,Product_2,4204.0
2026-03-26,Line 2,DS,10010,Product_10,3890.0
2026-03-25,Line 2,AS,10012,Product_12,3878.0
2025-03-29,Line 4,NS,10010,Product_10,1064.0
18/10/2025,Line 1,DS,10017,Product_17,3648.0
2025-06-10,Line 4,AS,10010,Product_10,1619.0
2026-01-08,Line 3,AS,10011,Product_11,3995.0
2026-01-21,Line 2,NS,10015,Product_15,3107.0
2025-05-19,Line 4,DS,10009,Product_9,3281.0
2025-03-17,Line 4,DS,10002,Product_2,1227.0
2025-08-21,Line 4,AS,10018,Product_18,4092.0
2026-03-21,Line 2,AS,10007,Product_7,1009.0
2025-12-22,Line 2,NS,10020,Product_20,4386.0
2025-01-06,Line 3,AS,10010,Product_10,3977.0
2025-11-04,Line 3,AS,10009,Product_9,2267.0
2025-04-06,Line 2,AS,10002,Product_2,4939.0
2025-06-23,Line 4,NS,10019,Product_19,1705.0
2025-02-24,Line 3,NS,10013,Product_13,1295.0
2026-03-29,Line 3,AS,10007,Product_7,3554.0
2025-07-05,Line 3,AS,10015,Product_15,
2025-05-23,Line 3,NS,10011,Product_11,2487.0
2026-01-27,Line 3,NS,10006,Product_6,4150.0
2025-05-21,Line 4,DS,10010,Product_10,3451.0
2025-06-09,Line 3,DS,10006,Product_6,1027.0
2026-03-19,Line 4,NS,10001,Product_1,2202.0
2025-02-10,Line 1,DS,10009,Product_9,3871.0
2025-05-11,Line 2,NS,10002,Product_2,4297.0
2025-08-10,Line 1,NS,10007,Product_7,3463.0
2025-08-22,Line 4,DS,10014,Product_14,3096.0
